epoch,lr,loss,iou,val_loss,val_iou,val_dice
0,0.0001,0.6761000305846118,0.57427090511427,0.47610592532020085,0.6422993227525536,0.7731113709642934
